id;name;email;phone;image;image_content_type
1;mobile Fish;Lavinia44@hotmail.com;15599;../fake-data/blob/hipster.png;image/png
2;Practical Fresh Pants;Bryon.Quigley@yahoo.com;5641;../fake-data/blob/hipster.png;image/png
3;transmitter Implementation Electronics;Christelle61@hotmail.com;52475;../fake-data/blob/hipster.png;image/png
4;web-readiness;Judge.Moore@gmail.com;4666;../fake-data/blob/hipster.png;image/png
5;Coordinator;Jackson_Borer19@gmail.com;38246;../fake-data/blob/hipster.png;image/png
6;Planner Canyon;Lenny45@hotmail.com;6505;../fake-data/blob/hipster.png;image/png
7;Factors;Kelton.Schowalter@hotmail.com;1596;../fake-data/blob/hipster.png;image/png
8;Public-key;Idella60@gmail.com;49517;../fake-data/blob/hipster.png;image/png
9;Games Regional Digitized;Nicolas_Hagenes@yahoo.com;20794;../fake-data/blob/hipster.png;image/png
10;Georgia Industrial;Opal.Kirlin89@hotmail.com;92665;../fake-data/blob/hipster.png;image/png
